{"stats":{"minecraft:broken":{"minecraft:wooden_shovel":1,"minecraft:shears":1,"minecraft:iron_boots":3,"minecraft:iron_chestplate":2,"minecraft:iron_leggings":1,"wom:agony":1,"minecraft:diamond_pickaxe":3,"minecraft:stone_sword":1,"minecraft:iron_axe":20,"minecraft:iron_pickaxe":2,"minecraft:iron_helmet":1,"minecraft:iron_shovel":4,"minecraft:stone_axe":1,"minecraft:wooden_axe":1},"minecraft:dropped":{"minecraft:clay":2,"create:analog_lever":1,"minecraft:cooked_beef":9,"minecraft:glow_ink_sac":2,"minecraft:crafting_table":1,"minecraft:cooked_porkchop":5,"create:copper_nugget":18,"create:cogwheel":20,"minecraft:rail":3,"minecraft:dirt":70,"minecraft:grass":5,"minecraft:bone_meal":64,"create:goggles":2,"minecraft:sand":1,"minecraft:sugar":2,"minecraft:iron_pickaxe":2,"minecraft:white_wool":18,"minecraft:bone":1,"wom:agony":3,"minecraft:sugar_cane":5,"minecraft:lever":10,"minecraft:iron_nugget":2,"minecraft:cobbled_deepslate":5,"minecraft:wheat":4,"minecraft:stripped_dark_oak_log":1,"minecraft:rotten_flesh":94,"minecraft:oak_planks":109,"minecraft:enchanted_golden_apple":1,"minecraft:azure_bluet":1,"minecraft:chiseled_deepslate":2,"minecraft:charcoal":2,"create:wrench":1,"create:wand_of_symmetry":1,"minecraft:egg":1,"minecraft:iron_ingot":35,"minecraft:wheat_seeds":136,"minecraft:oak_fence":3,"minecraft:iron_helmet":1,"minecraft:feather":1,"minecraft:cobblestone":55,"minecraft:granite":22,"minecraft:golden_apple":1,"minecraft:gray_wool":1,"minecraft:cooked_salmon":2,"minecraft:string":40,"create:mechanical_drill":2,"minecraft:spruce_sapling":10,"minecraft:moss_carpet":7,"minecraft:clay_ball":91,"create:mechanical_pump":23,"minecraft:shears":1,"minecraft:stone":1,"create:zinc_ingot":39,"minecraft:diamond_pickaxe":1,"create:hand_crank":1,"minecraft:spider_eye":12,"minecraft:bow":2,"create:steam_engine":2,"create:vertical_gearbox":1,"minecraft:moss_block":6,"minecraft:brown_mushroom":1,"minecraft:oak_log":48,"minecraft:ender_pearl":2,"vs_eureka:oak_ship_helm":1,"minecraft:leather":8,"create:crimsite":1,"minecraft:flint":3,"create:linear_chassis":24,"minecraft:dark_oak_log":23,"create:fluid_pipe":90,"create:iron_sheet":1,"create:large_cogwheel":4,"minecraft:gravel":3,"createbigcannons:wrought_iron_cannon_end":2,"create:wooden_bracket":4,"minecraft:poppy":1,"minecraft:gunpowder":2,"minecraft:azalea":8,"minecraft:chest":3,"minecraft:arrow":6,"minecraft:quartz":1,"create:gantry_shaft":256,"minecraft:bread":8,"minecraft:oak_slab":4,"create:mechanical_saw":4,"minecraft:stick":84,"minecraft:torch":120,"minecraft:iron_leggings":1,"epicfight:stone_greatsword":1,"minecraft:iron_axe":1,"minecraft:dandelion":3,"minecraft:redstone":13,"create:shaft":13,"create:linked_controller":1,"minecraft:light_gray_wool":1,"minecraft:dirt_path":3,"minecraft:shield":1,"minecraft:iron_chestplate":1,"minecraft:andesite":15,"minecraft:oak_sapling":57,"minecraft:stone_pickaxe":2,"create:gantry_carriage":15,"create:golden_sheet":2},"minecraft:killed_by":{"minecraft:zombie":3,"minecraft:wither_skeleton":1,"minecraft:creeper":9,"minecraft:player":4,"minecraft:spider":1,"minecraft:enderman":1,"minecraft:skeleton":18},"minecraft:mined":{"minecraft:dark_oak_planks":5,"minecraft:white_bed":1,"create:copper_casing":13,"create:andesite_casing":55,"minecraft:obsidian":33,"create:powered_toggle_latch":11,"minecraft:granite":29,"minecraft:acacia_log":17,"minecraft:deepslate_tile_wall":17,"minecraft:deepslate_tile_stairs":66,"minecraft:spawner":2,"minecraft:tall_seagrass":9,"minecraft:cobbled_deepslate":32,"minecraft:fire":14,"minecraft:deepslate_lapis_ore":17,"minecraft:dirt_path":1,"minecraft:oak_stairs":24,"create:gearshift":6,"minecraft:blue_orchid":4,"create:mechanical_press":2,"create:cogwheel":142,"minecraft:smoker":5,"minecraft:deepslate_tile_slab":1,"minecraft:torch":22,"minecraft:blast_furnace":2,"create:scoria":2,"minecraft:glass":2,"minecraft:sugar_cane":3608,"minecraft:amethyst_block":5,"vs_eureka:balloon":447,"minecraft:chain":14,"vs_eureka:oak_ship_helm":7,"minecraft:wheat":184,"minecraft:grass":230,"minecraft:oak_fence_gate":13,"create:hand_crank":21,"minecraft:smooth_basalt":40,"create:clutch":2,"create:linear_chassis":15,"minecraft:deepslate":2646,"createbigcannons:cannon_mount":2,"create:zinc_ore":38,"minecraft:deepslate_tiles":297,"minecraft:mossy_cobblestone":7,"minecraft:dark_oak_log":44,"create:fluid_tank":37,"minecraft:redstone_wire":7,"minecraft:moss_block":20,"minecraft:redstone_ore":2,"create:shaft":136,"minecraft:andesite":321,"minecraft:big_dripleaf_stem":1,"minecraft:vine":3,"minecraft:rail":4,"minecraft:oak_slab":40,"minecraft:birch_stairs":96,"create:white_seat":1,"createbigcannons:log_cannon_chamber":1,"minecraft:cornflower":5,"create:fluid_pipe":79,"create:mechanical_pump":35,"minecraft:warped_roots":2,"minecraft:campfire":3,"createbigcannons:yaw_controller":1,"minecraft:tall_grass":77,"minecraft:copper_ore":74,"minecraft:deepslate_gold_ore":69,"minecraft:diorite":179,"minecraft:warped_wart_block":2,"create:redstone_link":8,"create:mechanical_saw":4,"create:blaze_burner":5,"create:gearbox":15,"minecraft:spruce_log":588,"minecraft:birch_leaves":16,"create:mechanical_drill":22,"minecraft:gravel":4,"minecraft:dripstone_block":1,"create:ornate_iron_window":3,"minecraft:cobweb":74,"minecraft:oak_button":1,"minecraft:gold_ore":8,"vs_eureka:engine":3,"minecraft:fern":6,"create:deepslate_zinc_ore":157,"minecraft:spruce_planks":55,"minecraft:farmland":22,"minecraft:grass_block":393,"create:powered_shaft":8,"minecraft:smooth_stone":9,"minecraft:raw_iron_block":2,"minecraft:glowstone":19,"minecraft:iron_ore":173,"create:gantry_shaft":42,"minecraft:anvil":2,"create:oak_window_pane":2,"create:asurine":2,"create:spruce_window":1,"create:andesite_door":1,"minecraft:azalea_leaves":1,"minecraft:azalea":2,"minecraft:spruce_slab":8,"minecraft:deepslate_redstone_ore":65,"minecraft:blackstone":39,"create:steam_engine":7,"vs_eureka:spruce_ship_helm":1,"minecraft:clay":11,"minecraft:calcite":5,"minecraft:chest":11,"minecraft:nether_quartz_ore":21,"minecraft:cobblestone":140,"minecraft:oak_planks":2576,"minecraft:wall_torch":6,"minecraft:deepslate_copper_ore":12,"minecraft:seagrass":2,"minecraft:warped_nylium":6,"minecraft:dark_oak_slab":2,"create:glass_fluid_pipe":13,"minecraft:birch_log":227,"create:steam_whistle":1,"minecraft:oak_log":2759,"minecraft:sand":650,"minecraft:dirt":236,"minecraft:netherrack":162,"create:crimsite":10,"minecraft:oak_leaves":514,"minecraft:nether_gold_ore":1,"minecraft:tuff":17,"create:oak_window":3,"minecraft:dark_oak_leaves":2,"minecraft:deepslate_diamond_ore":18,"minecraft:lever":4,"minecraft:ladder":18,"create:large_cogwheel":26,"create:ochrum":2,"create:depot":1,"minecraft:birch_slab":11,"minecraft:spruce_leaves":142,"minecraft:large_fern":3,"minecraft:hay_block":1,"minecraft:furnace":16,"minecraft:polished_basalt":3,"minecraft:chiseled_deepslate":104,"minecraft:deepslate_iron_ore":196,"minecraft:lantern":2,"minecraft:stripped_oak_log":2,"minecraft:stone":470,"create:analog_lever":1,"minecraft:podzol":6,"minecraft:acacia_leaves":2,"create:gantry_carriage":20,"minecraft:stripped_dark_oak_log":2,"minecraft:basalt":168,"minecraft:oak_fence":122,"minecraft:crafting_table":28,"minecraft:deepslate_coal_ore":7,"minecraft:gray_wool":2,"minecraft:birch_planks":125,"minecraft:sweet_berry_bush":1,"minecraft:white_wall_banner":1,"minecraft:coal_ore":573},"minecraft:custom":{"minecraft:interact_with_crafting_table":589,"minecraft:bell_ring":5,"minecraft:leave_game":46,"minecraft:time_since_death":97213,"minecraft:damage_blocked_by_shield":1580,"minecraft:play_time":3907329,"minecraft:deaths":53,"minecraft:jump":26128,"minecraft:interact_with_furnace":170,"minecraft:sleep_in_bed":107,"minecraft:damage_dealt":129783,"minecraft:interact_with_smoker":164,"minecraft:interact_with_anvil":7,"minecraft:damage_dealt_absorbed":1108,"minecraft:sneak_time":125691,"minecraft:interact_with_blast_furnace":72,"minecraft:total_world_time":3907329,"minecraft:interact_with_stonecutter":35,"minecraft:time_since_rest":8698,"minecraft:swim_one_cm":264175,"minecraft:fly_one_cm":13078231,"minecraft:open_chest":1258,"minecraft:fall_one_cm":674532,"minecraft:animals_bred":44,"minecraft:sprint_one_cm":18448264,"minecraft:drop":247,"minecraft:talked_to_villager":3,"minecraft:walk_on_water_one_cm":388536,"minecraft:crouch_one_cm":924129,"minecraft:mob_kills":795,"minecraft:climb_one_cm":311421,"minecraft:walk_one_cm":18907922,"minecraft:walk_under_water_one_cm":180205,"minecraft:damage_taken":41045},"minecraft:used":{"minecraft:moss_block":8,"create:copper_door":1,"minecraft:chiseled_deepslate":846,"minecraft:spruce_slab":68,"minecraft:ladder":56,"create:oak_window_pane":32,"minecraft:chest":38,"minecraft:stone":6,"create:oak_window":15,"minecraft:rotten_flesh":9,"create:fluid_tank":59,"vs_clockwork:command_seat":3,"create:white_sail":127,"create:depot":2,"minecraft:villager_spawn_egg":2,"minecraft:grass_block":12,"wom:tormented_mind":12,"minecraft:dark_oak_slab":31,"wom:netherite_staff":12,"create:rope_pulley":1,"create:shaft":268,"minecraft:oak_sapling":6,"minecraft:bow":4,"minecraft:sweet_berries":21,"create:steam_engine":11,"minecraft:furnace":22,"minecraft:egg":3,"minecraft:potato":5,"minecraft:diorite":124,"minecraft:spruce_door":9,"create:crimsite":1,"minecraft:wooden_pickaxe":22,"minecraft:golden_apple":1,"minecraft:glow_berries":20,"minecraft:sand":332,"minecraft:blast_furnace":3,"minecraft:deepslate_tiles":1765,"minecraft:birch_slab":197,"minecraft:red_terracotta":3,"create:powered_toggle_latch":14,"minecraft:wooden_sword":34,"vs_eureka:engine":10,"create:steam_whistle":3,"minecraft:stone_sword":24,"minecraft:acacia_log":1,"minecraft:cooked_salmon":14,"minecraft:netherrack":79,"minecraft:torch":706,"create:ochrum":1,"minecraft:anvil":15,"minecraft:oak_fence_gate":15,"create:spruce_window":25,"wom:ender_blaster":11,"create:wrench":107,"create:gearbox":24,"minecraft:iron_axe":5300,"create:creative_motor":8,"create:gantry_carriage":29,"create:fluid_pipe":124,"minecraft:cobbled_deepslate":146,"create:wand_of_symmetry":2,"minecraft:calcite":2,"minecraft:wheat_seeds":158,"minecraft:water_bucket":146,"minecraft:dirt_path":1,"minecraft:birch_planks":509,"create:blaze_burner":13,"minecraft:mossy_cobblestone":30,"minecraft:crafting_table":44,"minecraft:oak_slab":241,"minecraft:white_bed":2,"minecraft:campfire":10,"minecraft:spruce_log":365,"minecraft:deepslate_tile_wall":422,"minecraft:oak_log":657,"minecraft:diamond_pickaxe":6302,"minecraft:oak_button":1,"minecraft:iron_pickaxe":802,"minecraft:spruce_sapling":9,"vs_eureka:spruce_ship_helm":3,"minecraft:cobblestone":245,"minecraft:cooked_porkchop":244,"create:clutch":5,"minecraft:stripped_oak_log":2,"create:redstone_link":12,"vs_clockwork:phys_bearing":5,"wom:netherite_greataxe":4,"minecraft:iron_shovel":1047,"minecraft:polished_basalt":183,"minecraft:shield":25,"minecraft:iron_sword":162,"minecraft:grass":1,"create:analog_lever":1,"create:mechanical_bearing":5,"minecraft:iron_chestplate":8,"minecraft:mutton":1,"create:cogwheel":290,"minecraft:carrot":2,"minecraft:deepslate_tile_slab":13,"minecraft:tuff":8,"minecraft:obsidian":27,"vs_clockwork:physics_infuser":1,"minecraft:glass":70,"createbigcannons:log_cannon_chamber":1,"wom:agony":2729,"create:crafting_blueprint":2,"minecraft:lantern":11,"minecraft:iron_helmet":6,"vs_eureka:oak_ship_helm":19,"createbigcannons:cannon_mount":3,"create:linked_controller":23,"minecraft:hay_block":7,"create:mechanical_drill":37,"createbigcannons:yaw_controller":2,"minecraft:golden_boots":1,"epicfight:skillbook":3,"create:acacia_window":9,"minecraft:stone_pickaxe":163,"minecraft:oak_planks":9034,"minecraft:sugar_cane":727,"minecraft:diamond_axe":2335,"create:mechanical_saw":4,"minecraft:white_wool":1,"create:ornate_iron_window":80,"minecraft:crossbow":1,"minecraft:dripstone_block":1,"minecraft:shears":210,"minecraft:lever":14,"minecraft:birch_fence_gate":1,"minecraft:dark_oak_log":23,"minecraft:string":2,"minecraft:bread":27,"create:andesite_casing":2,"create:white_seat":2,"minecraft:andesite":10,"minecraft:chain":18,"create:vertical_gearbox":18,"minecraft:bone_meal":197,"create:large_cogwheel":56,"minecraft:oak_fence":274,"minecraft:flint_and_steel":105,"create:wooden_bracket":1,"minecraft:tropical_fish":6,"minecraft:redstone":15,"minecraft:spruce_planks":137,"minecraft:wooden_shovel":59,"minecraft:cooked_chicken":7,"minecraft:dirt":573,"create:mechanical_pump":52,"create:andesite_door":3,"create:copper_casing":2,"minecraft:granite":3,"minecraft:iron_hoe":51,"minecraft:dark_oak_planks":30,"minecraft:wooden_axe":56,"minecraft:oak_stairs":119,"minecraft:iron_boots":6,"vs_clockwork:wanderwand":2,"wom:antitheus":39,"minecraft:deepslate_tile_stairs":758,"vs_clockwork:propeller_bearing":8,"minecraft:cooked_beef":175,"create:gantry_shaft":110,"minecraft:iron_leggings":8,"create:gearshift":10,"minecraft:cooked_mutton":52,"minecraft:amethyst_block":2,"minecraft:cobblestone_stairs":1,"minecraft:stonecutter":1,"minecraft:stripped_dark_oak_log":2,"minecraft:smoker":8,"create:linear_chassis":15,"minecraft:apple":35,"create:mechanical_press":3,"minecraft:stone_axe":55,"vs_eureka:balloon":4561,"minecraft:white_banner":3,"minecraft:bucket":148,"vs_clockwork:gyro":6,"create:hand_crank":35,"minecraft:gray_wool":2,"minecraft:smooth_stone":12,"minecraft:birch_stairs":211},"minecraft:crafted":{"minecraft:smooth_stone":41,"minecraft:chain":10,"minecraft:birch_slab":192,"minecraft:lever":5,"create:wooden_bracket":4,"minecraft:cooked_mutton":71,"create:vertical_gearbox":5,"minecraft:glass":179,"create:mechanical_press":1,"minecraft:birch_fence_gate":1,"create:cogwheel":141,"minecraft:wooden_shovel":1,"minecraft:cooked_porkchop":193,"minecraft:diamond_axe":1,"minecraft:spruce_door":33,"minecraft:copper_ingot":254,"minecraft:campfire":16,"minecraft:painting":1,"create:clutch":2,"create:gearbox":12,"vs_eureka:oak_ship_helm":3,"minecraft:iron_pickaxe":5,"minecraft:iron_block":1,"minecraft:gold_ingot":50,"create:large_cogwheel":7,"minecraft:birch_stairs":164,"create:wrench":1,"minecraft:iron_nugget":306,"createbigcannons:log_cannon_chamber":1,"minecraft:bone_meal":261,"minecraft:spruce_fence":3,"minecraft:lantern":8,"minecraft:ladder":60,"minecraft:spruce_slab":114,"minecraft:stone_pickaxe":3,"minecraft:dark_oak_planks":68,"create:andesite_door":2,"create:goggles":1,"minecraft:oak_fence_gate":3,"minecraft:wooden_axe":1,"create:ornate_iron_window":78,"minecraft:oak_stairs":96,"minecraft:iron_shovel":4,"minecraft:iron_leggings":2,"minecraft:deepslate_tile_stairs":1,"minecraft:white_bed":1,"create:oak_window_pane":32,"create:shaft":272,"minecraft:oak_planks":7164,"minecraft:cooked_chicken":4,"minecraft:cobblestone_stairs":4,"minecraft:stone":62,"create:copper_door":1,"create:rope_pulley":1,"create:copper_nugget":27,"minecraft:iron_boots":2,"create:crafting_blueprint":1,"minecraft:chest":24,"createbigcannons:cannon_mount":1,"minecraft:oak_button":1,"minecraft:copper_block":5,"minecraft:oak_fence":120,"minecraft:golden_boots":1,"minecraft:smoker":3,"minecraft:oak_slab":342,"create:depot":1,"createbigcannons:yaw_controller":1,"minecraft:crafting_table":22,"minecraft:spruce_planks":608,"create:mechanical_saw":2,"create:fluid_pipe":88,"minecraft:wooden_pickaxe":3,"minecraft:iron_helmet":2,"createbigcannons:wrought_iron_cannon_chamber":1,"create:zinc_nugget":953,"vs_eureka:spruce_ship_helm":1,"minecraft:birch_planks":884,"create:gearshift":3,"minecraft:dark_oak_slab":30,"minecraft:iron_chestplate":2,"minecraft:paper":5866,"minecraft:diamond_pickaxe":3,"minecraft:charcoal":63,"minecraft:shield":3,"create:super_glue":1,"minecraft:stick":558,"create:white_seat":1,"minecraft:iron_ingot":292,"create:mechanical_pump":28,"minecraft:redstone_torch":2,"create:spruce_window":10,"minecraft:shears":4,"create:empty_blaze_burner":8,"minecraft:wooden_sword":1,"minecraft:oak_door":3,"minecraft:raw_iron":9,"create:steam_engine":5,"createbigcannons:wrought_iron_cannon_end":2,"minecraft:furnace":12,"minecraft:blast_furnace":3,"create:oak_window":18,"minecraft:glass_pane":32,"vs_eureka:engine":2,"minecraft:iron_axe":24,"minecraft:iron_hoe":1,"create:empty_schematic":1,"create:analog_lever":1,"create:gantry_carriage":20,"minecraft:cooked_beef":42,"create:steam_whistle":1,"create:andesite_alloy":308,"create:hand_crank":4,"vs_eureka:balloon":3952,"minecraft:iron_sword":1,"create:powered_toggle_latch":2,"minecraft:cooked_salmon":16,"minecraft:bucket":8,"minecraft:stone_axe":1,"minecraft:bread":20,"minecraft:air":0,"minecraft:blue_dye":10,"create:gantry_shaft":384,"minecraft:gold_nugget":9,"create:linear_chassis":12,"minecraft:stonecutter":1,"create:mechanical_drill":13,"minecraft:acacia_planks":80,"minecraft:torch":320,"create:zinc_ingot":5},"minecraft:picked_up":{"minecraft:wooden_axe":1,"minecraft:iron_chestplate":28,"minecraft:anvil":6,"minecraft:lead":20,"minecraft:oak_stairs":24,"create:wrench":9,"minecraft:amethyst_block":2,"minecraft:string":459,"minecraft:gold_nugget":18,"minecraft:cobbled_deepslate":5900,"minecraft:spruce_planks":349,"create:powered_toggle_latch":12,"minecraft:enchanted_golden_apple":1,"minecraft:big_dripleaf":4,"minecraft:acacia_log":21,"create:andesite_casing":61,"minecraft:deepslate_tile_stairs":524,"minecraft:stone_sword":3,"create:wand_of_symmetry":3,"create:gantry_shaft":457,"minecraft:tropical_fish":6,"create:copper_casing":24,"create:ochrum":1,"minecraft:polished_basalt":128,"create:crafting_blueprint":2,"minecraft:birch_log":229,"minecraft:feather":10,"minecraft:cooked_beef":718,"minecraft:birch_slab":9,"minecraft:water_bucket":16,"minecraft:smoker":9,"minecraft:flint":2,"minecraft:lantern":6,"create:mechanical_drill":26,"create:goggles":22,"create:shaft":290,"minecraft:glowstone_dust":106,"minecraft:moss_block":34,"create:super_glue":5,"create:gearshift":8,"minecraft:warped_wart_block":4,"create:empty_blaze_burner":8,"create:steam_whistle":2,"minecraft:dark_oak_log":187,"minecraft:iron_hoe":11,"create:crimsite":31,"minecraft:lever":25,"minecraft:granite":32,"minecraft:bread":32,"minecraft:diamond_pickaxe":30,"minecraft:crafting_table":56,"minecraft:clay_ball":143,"minecraft:cornflower":5,"create:fluid_pipe":226,"minecraft:flint_and_steel":10,"minecraft:iron_shovel":18,"create:redstone_link":8,"minecraft:glass_pane":46,"minecraft:beef":66,"create:white_seat":1,"minecraft:iron_nugget":2,"minecraft:poppy":4,"minecraft:spruce_slab":28,"minecraft:chest":18,"create:clutch":4,"vs_eureka:engine":5,"minecraft:egg":20,"minecraft:stone":6,"minecraft:oak_door":1,"minecraft:carrot":2,"minecraft:redstone":762,"create:steam_engine":10,"create:vertical_gearbox":6,"minecraft:shears":38,"minecraft:hay_block":1,"create:depot":1,"minecraft:gold_ingot":128,"minecraft:mutton":101,"minecraft:glow_berries":16,"minecraft:white_wool":1319,"minecraft:rail":15,"minecraft:oxeye_daisy":1,"minecraft:stripped_oak_log":2,"create:iron_sheet":55,"minecraft:oak_log":3921,"minecraft:golden_boots":2,"minecraft:paper":286,"minecraft:white_banner":16,"vs_eureka:spruce_ship_helm":1,"minecraft:apple":58,"minecraft:stone_pickaxe":10,"create:analog_lever":3,"minecraft:oak_fence_gate":18,"minecraft:glass_bottle":5,"minecraft:iron_sword":17,"create:mechanical_saw":10,"minecraft:smooth_basalt":206,"minecraft:dark_oak_slab":18,"vs_eureka:oak_ship_helm":10,"minecraft:sweet_berries":16,"epicfight:stone_greatsword":2,"minecraft:gravel":50,"minecraft:birch_stairs":96,"minecraft:spruce_sapling":87,"minecraft:spruce_log":1068,"create:gearbox":13,"minecraft:slime_ball":33,"minecraft:stone_axe":3,"create:mechanical_pump":69,"minecraft:diamond_axe":22,"minecraft:gray_wool":5,"minecraft:oak_button":1,"minecraft:stripped_dark_oak_log":3,"minecraft:ender_pearl":15,"minecraft:chiseled_deepslate":256,"minecraft:wheat":170,"create:oak_window_pane":2,"create:wooden_bracket":9,"minecraft:raw_copper":456,"minecraft:iron_leggings":37,"minecraft:deepslate_tiles":297,"minecraft:smooth_stone":29,"create:mechanical_press":2,"minecraft:bucket":12,"minecraft:calcite":2,"minecraft:azalea":8,"minecraft:iron_pickaxe":24,"minecraft:deepslate_tile_wall":45,"minecraft:iron_boots":22,"minecraft:furnace":23,"minecraft:stick":738,"create:spruce_window":8,"createbigcannons:log_cannon_chamber":1,"minecraft:oak_fence":166,"minecraft:torch":1399,"epicfight:skillbook":1,"minecraft:porkchop":113,"minecraft:diorite":232,"minecraft:dirt_path":3,"create:large_cogwheel":46,"minecraft:rotten_flesh":373,"create:asurine":4,"create:andesite_door":1,"minecraft:obsidian":38,"create:linked_controller":22,"minecraft:cobblestone":2339,"epicfight:stone_spear":3,"create:fluid_tank":42,"minecraft:andesite":925,"minecraft:potato":7,"minecraft:tuff":16,"create:raw_zinc":460,"minecraft:lapis_lazuli":250,"minecraft:dirt":1073,"minecraft:glass":218,"minecraft:bone":352,"minecraft:bow":10,"minecraft:wheat_seeds":737,"minecraft:raw_gold":148,"minecraft:oak_planks":4057,"minecraft:cooked_porkchop":310,"create:cogwheel":189,"minecraft:sand":879,"minecraft:grass_block":3,"minecraft:mossy_cobblestone":21,"minecraft:sugar":2,"minecraft:clay":3,"minecraft:diamond":46,"minecraft:crossbow":4,"minecraft:grass":23,"minecraft:bone_meal":132,"minecraft:golden_apple":11,"minecraft:oak_sapling":691,"minecraft:netherrack":213,"minecraft:charcoal":6,"minecraft:azure_bluet":1,"minecraft:chicken":8,"minecraft:ladder":62,"minecraft:brown_mushroom":2,"minecraft:wooden_pickaxe":7,"minecraft:chain":17,"minecraft:shield":7,"create:gantry_carriage":50,"minecraft:moss_carpet":17,"minecraft:iron_axe":39,"minecraft:wooden_sword":2,"minecraft:blackstone":1,"minecraft:blue_orchid":4,"minecraft:light_gray_wool":1,"minecraft:sugar_cane":6776,"minecraft:phantom_membrane":15,"create:linear_chassis":75,"minecraft:raw_iron":887,"create:golden_sheet":43,"minecraft:copper_ingot":101,"createbigcannons:yaw_controller":1,"create:hand_crank":33,"create:zinc_ingot":60,"minecraft:dark_oak_planks":120,"minecraft:arrow":380,"createbigcannons:cannon_mount":2,"vs_clockwork:wanderwand":1,"minecraft:basalt":172,"minecraft:glow_ink_sac":6,"minecraft:salmon":21,"minecraft:leather":89,"minecraft:birch_planks":155,"create:andesite_alloy":41,"minecraft:gunpowder":152,"create:blaze_burner":24,"create:copper_nugget":36,"minecraft:deepslate_tile_slab":2,"minecraft:cooked_mutton":52,"createbigcannons:wrought_iron_cannon_end":4,"minecraft:iron_ingot":678,"vs_eureka:balloon":832,"minecraft:cooked_chicken":3,"wom:agony":36,"minecraft:oak_slab":122,"minecraft:quartz":16,"minecraft:dandelion":5,"minecraft:raw_iron_block":2,"minecraft:dripstone_block":1,"minecraft:blast_furnace":3,"minecraft:white_bed":1,"minecraft:spruce_door":4,"minecraft:spider_eye":54,"minecraft:campfire":12,"create:zinc_nugget":54,"minecraft:iron_helmet":21,"create:ornate_iron_window":24,"minecraft:coal":1392},"minecraft:killed":{"minecraft:cave_spider":2,"minecraft:skeleton":165,"minecraft:chicken":7,"minecraft:salmon":17,"minecraft:pillager":19,"minecraft:zombie":185,"minecraft:cow":23,"minecraft:wandering_trader":6,"minecraft:enderman":11,"minecraft:zombified_piglin":1,"minecraft:witch":2,"minecraft:spider":91,"minecraft:pig":36,"minecraft:zombie_villager":3,"minecraft:creeper":74,"minecraft:sheep":42,"minecraft:trader_llama":12,"minecraft:ghast":1,"minecraft:slime":49,"minecraft:phantom":20,"minecraft:drowned":4,"minecraft:bat":1}},"DataVersion":3465}