{"stats":{"minecraft:dropped":{"minecraft:iron_sword":1,"minecraft:moss_block":2,"minecraft:wheat_seeds":14,"minecraft:crafting_table":1,"minecraft:cooked_porkchop":4,"minecraft:dark_oak_slab":1,"minecraft:oak_fence":1,"minecraft:granite":2,"minecraft:dark_oak_log":39,"minecraft:diorite":3,"minecraft:bone_meal":4,"minecraft:string":4,"minecraft:redstone":2,"minecraft:moss_carpet":1,"minecraft:sweet_berries":14,"minecraft:tuff":1,"minecraft:rotten_flesh":7,"minecraft:iron_boots":1,"minecraft:big_dripleaf":2,"minecraft:oak_fence_gate":1,"minecraft:diamond_pickaxe":1,"minecraft:spider_eye":2,"minecraft:spruce_log":21,"minecraft:wooden_pickaxe":1,"epicfight:skillbook":1},"minecraft:broken":{"minecraft:iron_shovel":4,"minecraft:stone_pickaxe":1,"minecraft:iron_pickaxe":1},"minecraft:crafted":{"minecraft:oak_planks":28,"minecraft:furnace":1,"minecraft:bone_meal":84,"minecraft:cooked_mutton":1,"minecraft:flint_and_steel":1,"minecraft:glass":384,"minecraft:iron_boots":2,"minecraft:iron_axe":1,"minecraft:stone_pickaxe":2,"minecraft:chest":2,"minecraft:stone_hoe":1,"minecraft:coal_block":11,"minecraft:cooked_porkchop":8,"minecraft:crafting_table":2,"minecraft:spruce_planks":136,"minecraft:wooden_pickaxe":1,"minecraft:iron_helmet":3,"minecraft:iron_sword":2,"create:zinc_nugget":9,"minecraft:copper_ingot":38,"minecraft:bucket":1,"epicfight:stone_greatsword":1,"minecraft:air":0,"minecraft:oak_fence_gate":2,"minecraft:golden_apple":3,"minecraft:white_wool":19,"minecraft:iron_chestplate":2,"minecraft:diamond_pickaxe":1,"minecraft:shield":2,"minecraft:stick":36,"minecraft:iron_ingot":93,"minecraft:iron_pickaxe":1,"minecraft:wooden_axe":1,"create:zinc_block":1,"minecraft:stone_sword":1,"minecraft:iron_shovel":5,"minecraft:iron_leggings":2,"minecraft:gold_ingot":56,"minecraft:torch":32,"create:zinc_ingot":172,"minecraft:shears":1},"minecraft:killed":{"minecraft:witch":1,"minecraft:spider":8,"minecraft:phantom":10,"minecraft:skeleton":30,"minecraft:tropical_fish":2,"minecraft:bat":1,"minecraft:creeper":9,"minecraft:sheep":1,"minecraft:zombie":42},"minecraft:killed_by":{"minecraft:creeper":4,"minecraft:skeleton":3},"minecraft:picked_up":{"minecraft:wooden_axe":3,"minecraft:crafting_table":8,"minecraft:iron_chestplate":3,"minecraft:clay_ball":301,"minecraft:wooden_pickaxe":7,"minecraft:enchanted_book":3,"minecraft:brewing_stand":5,"minecraft:shield":4,"minecraft:iron_axe":3,"minecraft:string":22,"minecraft:red_bed":1,"minecraft:moss_carpet":1,"minecraft:raw_copper":28,"create:limestone":28,"minecraft:cooked_salmon":2,"minecraft:flint_and_steel":1,"minecraft:iron_leggings":3,"minecraft:iron_shovel":1,"minecraft:cobbled_deepslate":174,"minecraft:spruce_planks":193,"minecraft:enchanted_golden_apple":4,"minecraft:sugar_cane":15,"minecraft:furnace":3,"minecraft:phantom_membrane":4,"minecraft:iron_boots":4,"minecraft:stick":123,"minecraft:raw_iron":194,"minecraft:big_dripleaf":3,"minecraft:torch":1,"minecraft:diorite":3,"minecraft:redstone":216,"minecraft:orange_bed":4,"minecraft:arrow":73,"minecraft:stone_sword":2,"minecraft:rotten_flesh":35,"minecraft:tropical_fish":13,"create:scoria":1,"minecraft:shears":1,"minecraft:hay_block":66,"minecraft:glow_berries":45,"minecraft:mutton":5,"minecraft:rail":21,"create:linked_controller":1,"minecraft:white_wool":90,"minecraft:cobblestone":222,"minecraft:cooked_beef":5,"minecraft:water_bucket":1,"minecraft:andesite":1,"minecraft:smoker":13,"minecraft:flint":1,"minecraft:tuff":9,"create:raw_zinc":254,"minecraft:oak_log":70,"minecraft:gunpowder":38,"minecraft:lapis_lazuli":528,"minecraft:dirt":297,"minecraft:paper":5,"minecraft:name_tag":1,"minecraft:bone":37,"minecraft:apple":4,"minecraft:wheat_seeds":41,"minecraft:raw_gold":153,"minecraft:stone_pickaxe":1,"minecraft:moss_block":21,"minecraft:iron_sword":4,"minecraft:oak_planks":47,"minecraft:flowering_azalea":1,"wom:agony":1,"minecraft:cooked_porkchop":2,"epicfight:stone_greatsword":4,"minecraft:pumpkin":11,"minecraft:sweet_berries":283,"minecraft:gravel":1,"minecraft:sand":783,"minecraft:amethyst_shard":48,"minecraft:spruce_sapling":25,"minecraft:spruce_log":72,"minecraft:spruce_door":2,"minecraft:dark_oak_log":39,"minecraft:spider_eye":3,"create:crimsite":59,"minecraft:diamond":55,"minecraft:iron_helmet":3,"minecraft:granite":1,"minecraft:bone_meal":41,"minecraft:bread":14,"minecraft:oak_sapling":53,"minecraft:black_wool":4,"minecraft:coal":111,"minecraft:diamond_pickaxe":3},"minecraft:custom":{"minecraft:mob_kills":106,"minecraft:interact_with_crafting_table":41,"minecraft:leave_game":7,"minecraft:time_since_death":249518,"minecraft:climb_one_cm":12293,"minecraft:sprint_one_cm":1331765,"minecraft:walk_one_cm":2083369,"minecraft:damage_blocked_by_shield":3452,"minecraft:drop":51,"minecraft:damage_dealt_absorbed":236,"minecraft:play_time":437221,"minecraft:sneak_time":12004,"minecraft:deaths":7,"minecraft:walk_under_water_one_cm":109941,"minecraft:jump":4922,"minecraft:interact_with_blast_furnace":31,"minecraft:walk_on_water_one_cm":122659,"minecraft:total_world_time":437221,"minecraft:interact_with_furnace":66,"minecraft:time_since_rest":249549,"minecraft:damage_taken":5093,"minecraft:damage_dealt":20278,"minecraft:player_kills":1,"minecraft:swim_one_cm":64428,"minecraft:fly_one_cm":1052987,"minecraft:open_chest":130,"minecraft:crouch_one_cm":74570,"minecraft:interact_with_smoker":13,"minecraft:fall_one_cm":83208},"minecraft:mined":{"create:zinc_ore":27,"minecraft:large_amethyst_bud":1,"create:deepslate_zinc_ore":75,"minecraft:tuff":9,"minecraft:spruce_planks":1,"minecraft:dark_oak_leaves":1,"minecraft:deepslate_diamond_ore":16,"minecraft:dark_oak_log":39,"minecraft:brewing_stand":4,"minecraft:cave_vines_plant":24,"minecraft:granite":2,"minecraft:grass_block":110,"minecraft:spruce_leaves":30,"minecraft:moss_block":15,"minecraft:hay_block":66,"minecraft:tall_seagrass":1,"minecraft:furnace":1,"minecraft:iron_ore":55,"minecraft:cobbled_deepslate":13,"minecraft:fire":5,"minecraft:pumpkin":11,"minecraft:deepslate_lapis_ore":22,"minecraft:cave_vines":18,"minecraft:deepslate_iron_ore":71,"minecraft:flowering_azalea_leaves":1,"minecraft:azalea_leaves":3,"minecraft:stone":155,"create:limestone":27,"minecraft:orange_bed":4,"minecraft:podzol":1,"minecraft:deepslate_redstone_ore":24,"minecraft:flowering_azalea":1,"minecraft:glass_pane":1,"minecraft:red_bed":1,"minecraft:smoker":8,"minecraft:amethyst_cluster":4,"minecraft:spruce_door":2,"minecraft:clay":6,"minecraft:crafting_table":4,"create:scoria":1,"minecraft:copper_ore":9,"minecraft:tall_grass":8,"minecraft:cobblestone":2,"minecraft:deepslate_gold_ore":48,"minecraft:lapis_ore":7,"minecraft:oak_planks":19,"minecraft:sugar_cane":8,"minecraft:diorite":3,"minecraft:big_dripleaf":1,"minecraft:sweet_berry_bush":24,"minecraft:spruce_log":54,"minecraft:grass":32,"minecraft:oak_log":70,"minecraft:coal_ore":107,"minecraft:gravel":2,"minecraft:dirt":114,"minecraft:sand":784,"minecraft:cobweb":2,"minecraft:gold_ore":4,"create:crimsite":58,"minecraft:oak_leaves":18,"minecraft:deepslate":103,"minecraft:fern":5},"minecraft:used":{"minecraft:moss_block":7,"minecraft:stone_sword":98,"minecraft:iron_shovel":1003,"minecraft:flint_and_steel":6,"minecraft:tropical_fish":13,"minecraft:chest":2,"minecraft:shield":60,"minecraft:iron_sword":113,"minecraft:cooked_salmon":2,"minecraft:rotten_flesh":14,"minecraft:stone_hoe":69,"minecraft:iron_chestplate":1,"minecraft:torch":31,"minecraft:brewing_stand":3,"minecraft:dirt":207,"minecraft:tuff":8,"minecraft:oak_fence_gate":1,"wom:agony":50,"minecraft:wooden_axe":37,"minecraft:flowering_azalea":1,"minecraft:iron_axe":207,"create:scoria":1,"minecraft:iron_boots":1,"epicfight:stone_greatsword":67,"minecraft:sweet_berries":150,"minecraft:oak_sapling":2,"minecraft:furnace":2,"minecraft:cooked_beef":3,"minecraft:cobbled_deepslate":78,"minecraft:iron_leggings":1,"minecraft:cooked_mutton":1,"minecraft:water_bucket":29,"epicfight:skillbook":4,"minecraft:stone_pickaxe":265,"minecraft:oak_planks":23,"minecraft:wooden_pickaxe":12,"minecraft:sugar_cane":3,"minecraft:glow_berries":73,"minecraft:sand":79,"minecraft:crafting_table":5,"minecraft:smoker":7,"minecraft:apple":1,"minecraft:diamond_pickaxe":349,"minecraft:iron_pickaxe":253,"minecraft:bread":22,"minecraft:string":2,"minecraft:gravel":1,"minecraft:spruce_sapling":1,"minecraft:cobblestone":31,"minecraft:cooked_porkchop":6,"minecraft:bucket":30,"minecraft:bone_meal":185}},"DataVersion":3465}